description,id,keywordCodes,keywordNames,label,mappedFromSourceNames,mappedFromTargetNames,mappedToSourceNames,mappedToTargetNames,name,numberOfRows,resourceId,resourceName,sinceVersion,unitOfObservationName,untilVersion
,ANAGRAFICA,,,,,,,,ANAGRAFICA,,ANAGRAFICA,ANAGRAFICA,1.0,,
,AP,,,,,,AP,OOM,AP,,AP,AP,1.0,,
,ARS_ANAG_MED_RES_storico,,,,,,ARS_ANAG_MED_RES_storico,OOM,ARS_ANAG_MED_RES_storico,,ARS_ANAG_MED_RES_storico,ARS_ANAG_MED_RES_storico,1.0,,
,ATHLETE_fetal_growth_standardized,,,ATHLETE Harmonised dataset with standardized fetal growth data: ATHLETE_fetal_growth_standardized,,,,,ATHLETE_fetal_growth_standardized,,GenR,The Generation R Study,1.0.0,,
,CDM_SOURCE,,,,,,,,CDM_SOURCE,,OOM,OOM,2.2,,
,CHILD-ALLGENERALDATA_12112020,,,DataWiki dataset CHILD-ALLGENERALDATA_12112020,,,,,CHILD-ALLGENERALDATA_12112020,,GenR,The Generation R Study,1.0.0,,
,COD_FARMACI_SPF,,,,,,COD_FARMACI_SPF,OOM,COD_FARMACI_SPF,,COD_FARMACI_SPF,COD_FARMACI_SPF,1.0,,
,CPA1,,,,,,Dutch institute for health and welfare,OOM,CPA1,,DHL,Dutch institute for health and welfare,1.0,,
,CPA2,,,,,,Dutch institute for health and welfare,OOM,CPA2,,DHL,Dutch institute for health and welfare,1.0,,
,DIAGNOSTIC,,,,,,,,DIAGNOSTIC,,DIAGNOSTIC,DIAGNOSTIC,1.0,,
,EFEMERIS_PRESCRIPTION,,,,,,,,EFEMERIS_PRESCRIPTION,,EFEMERIS_PRESCRIPTION,EFEMERIS_PRESCRIPTION,1.0,,
,EUROCAT,,,,,,,,EUROCAT,,OOM,OOM,2.2,,
,EVENTS,,,,Dutch institute for health and welfare|ARS_PS|SALM|SEA,OOM|OOM|OOM|OOM,,,EVENTS,,OOM,OOM,2.2,,
,EXE,,,,,,,,EXE,,EXE,EXE,1.0,,
,FARMACEUTICA,,,,,,,,FARMACEUTICA,,FARMACEUTICA,FARMACEUTICA,1.0,,
,FETALCRL_22112016,,,DataWiki dataset FETALCRL_22112016,,,,,FETALCRL_22112016,,GenR,The Generation R Study,1.0.0,,
,FETALGROWTH_22112016,,,DataWiki dataset FETALGROWTH_22112016,,,,,FETALGROWTH_22112016,,GenR,The Generation R Study,1.0.0,,
,FETALPLACENTA_22112016,,,DataWiki dataset FETALPLACENTA_22112016,,,,,FETALPLACENTA_22112016,,GenR,The Generation R Study,1.0.0,,
,INSTANCE,,,,,,,,INSTANCE,,OOM,OOM,2.2,,
,MBRN,,,,,,,,MBRN,,MBRN,MBRN,1.0,,
,MBRN_child,,,,,,,,MBRN_child,,MBRN,MBRN,1.0,,
,MBRN_mother,,,,,,,,MBRN_mother,,MBRN,MBRN,1.0,,
,MEDICAL_OBSERVATIONS,,,,AP,OOM,,,MEDICAL_OBSERVATIONS,,OOM,OOM,2.2,,
,MEDICINES,,,,SPF,OOM,,,MEDICINES,,OOM,OOM,2.2,,
,METADATA,,,,,,,,METADATA,,OOM,OOM,2.2,,
,OBSERVATION_PERIODS,,,,ARS_ANAG_MED_RES_storico,OOM,,,OBSERVATION_PERIODS,,OOM,OOM,2.2,,
,PERSONS,,,,ARS_ANAG_MED_RES_storico,OOM,,,PERSONS,,OOM,OOM,2.2,,
,PERSON_RELATIONSHIPS,,,,,,,,PERSON_RELATIONSHIPS,,OOM,OOM,2.2,,
,PHT,,,,,,,,PHT,,PHT,PHT,1.0,,
,PROCEDURES,,,,SPA,OOM,,,PROCEDURES,,OOM,OOM,2.2,,
,PRODUCTS,,,,COD_FARMACI_SPF,OOM,,,PRODUCTS,,OOM,OOM,2.2,,
,PS,,,,,,ARS_PS,OOM,PS,,ARS_PS,ARS_PS,1.0,,
,RMR,,,,,,RMR,OOM,RMR,,RMR,RMR,1.0,,
,SALM,,,,,,SALM,OOM,SALM,,SALM,SALM,1.0,,
,SEA,,,,,,SEA,OOM,SEA,,SEA,SEA,1.0,,
,SPA,,,,,,SPA,OOM,SPA,,SPA,SPA,1.0,,
,SPECIALISTICA,,,,,,,,SPECIALISTICA,,SPECIALISTICA,SPECIALISTICA,1.0,,
,SPF,,,,,,SPF,OOM,SPF,,SPF,SPF,1.0,,
,SURVEY_ID,,,,RMR,OOM,,,SURVEY_ID,,OOM,OOM,2.2,,
,SURVEY_OBSERVATIONS,,,,RMR,OOM,,,SURVEY_OBSERVATIONS,,OOM,OOM,2.2,,
,avo_toimenpide,,,,,,,,avo_toimenpide,,AVOHILMO,Register of Primary Health Care Visits (AVOHILMO),1.0,,
,bloodpressure after birth,,,,,,,,bloodpressure after birth,,ENVIRONAGE,ENVIRonmental influence ON early AGEing,,,
,cdm_1,,,,,,,,cdm_1,,testNetwork1,name for test network1,,,
,chemicals_ath,,,Chemicals (ATHLETE),,,,,chemicals_ath,,ATHLETE,Advancing Tools for Human Early Lifecourse Exposome Research and Translation,1.1.0,,
,child,,,child,,,,,child,,G21,Generation 21,1,person,
,core,,,,,,,,core,,GenR,NFBC1966,1.0.0,Patient,
,core,,,,,,,,core,,GenR,The Generation R Study,1.0.0,Patient,
,core,,,,,,,,core,,GenR,The LifeCycle Project,1.0.0,Patient,
,core,,,,,,,,core,,LifeCycle,NFBC1966,1.0.0,Patient,
,core,,,,,,,,core,,LifeCycle,The Generation R Study,1.0.0,Patient,
,core,,,,,,,,core,,LifeCycle,The LifeCycle Project,1.0.0,Patient,
,core,,,,,,,,core,,NFBC1966,NFBC1966,1.0.0,Patient,
,core,,,,,,,,core,,NFBC1966,The Generation R Study,1.0.0,Patient,
,core,,,,,,,,core,,NFBC1966,The LifeCycle Project,1.0.0,Patient,
,kayntisyy_icd10,,,,,,,,kayntisyy_icd10,,AVOHILMO,Register of Primary Health Care Visits (AVOHILMO),1.0,,
,kayntisyy_icpc2,,,,,,,,kayntisyy_icpc2,,AVOHILMO,Register of Primary Health Care Visits (AVOHILMO),1.0,,
,measurements after birth,,,,,,,,measurements after birth,,ENVIRONAGE,ENVIRonmental influence ON early AGEing,,,
,measurements at FU1,,,,,,,,measurements at FU1,,ENVIRONAGE,ENVIRonmental influence ON early AGEing,,,
,outcome,,,,,,,,outcome,,LifeCycle,The LifeCycle Project,1.0.0,,
,outcome_ath,,,Outcome (ATHLETE),,,,,outcome_ath,,ATHLETE,Advancing Tools for Human Early Lifecourse Exposome Research and Translation,1.1.0,,
,outcomes,,,,,,,,outcomes,,LifeCycle,The LifeCycle Project,1.0.0,,
,palvelutapahtuma,,,,,,,,palvelutapahtuma,,AVOHILMO,Register of Primary Health Care Visits (AVOHILMO),1.0,,
,test dataset for testCohort3,,,,,,,,test dataset for testCohort3,,testCohort3,testCohort3C,,,
,test dataset for testCohort4,,,,,,,,test dataset for testCohort4,,testCohort4,testCohort4,,,
Clinical examination at 12 years old,pelagie_exam12,,,Clinical examination at 12 years old,,,,,pelagie_exam12,,PELAGIE,"Perturbateurs Endocriniens: Étude Longitudinale sur les Anomalies de la Grossesse, l’Infertilit",1.0.0,Patient,
Date of birth updated in 2021,maj_ddn_2021,,,Update of the date of birth,,,,,maj_ddn_2021,,PELAGIE,"Perturbateurs Endocriniens: Étude Longitudinale sur les Anomalies de la Grossesse, l’Infertilit",1.0.0,Patient,
Father date of birth from 6 and 12 years old follow-ups,datenaisspere,,,Father date of birth,,,,,datenaisspere,,PELAGIE,"Perturbateurs Endocriniens: Étude Longitudinale sur les Anomalies de la Grossesse, l’Infertilit",1.0.0,Patient,
Neuropsychological tests at 6 years old,pepsy,,,Neuropsychological tests at 6 years old,,,,,pepsy,,PELAGIE,"Perturbateurs Endocriniens: Étude Longitudinale sur les Anomalies de la Grossesse, l’Infertilit",1.0.0,Patient,
Non existing variables created for ATHLETE,harmonized,,,Variables harmonized for ATHLETE or LifeCycle,,,,,harmonized,,PELAGIE,"Perturbateurs Endocriniens: Étude Longitudinale sur les Anomalies de la Grossesse, l’Infertilit",1.0.0,Patient,
Non existing variables created for ATHLETE,new,,,Created variables for ATHLETE,,,,,new,,PELAGIE,"Perturbateurs Endocriniens: Étude Longitudinale sur les Anomalies de la Grossesse, l’Infertilit",1.0.0,Patient,
Questionnaire at 11 years old of the child (Grandir et Changer),pelagie_GC_q11,,,Questionnaire at 11 years old of the child,,,,,pelagie_GC_q11,,PELAGIE,"Perturbateurs Endocriniens: Étude Longitudinale sur les Anomalies de la Grossesse, l’Infertilit",1.0.0,Patient,
Questionnaire at 12 years old of the child,pelagie_q12,,,Questionnaire at 12 years old of the child,,,,,pelagie_q12,,PELAGIE,"Perturbateurs Endocriniens: Étude Longitudinale sur les Anomalies de la Grossesse, l’Infertilit",1.0.0,Patient,
Questionnaire at 2 years old of the child,pelagie_q2,,,Questionnaire at 2 years old of the child,,,,,pelagie_q2,,PELAGIE,"Perturbateurs Endocriniens: Étude Longitudinale sur les Anomalies de la Grossesse, l’Infertilit",1.0.0,Patient,
Questionnaire at 6 years old of the child,pelagie_q6,,,Questionnaire at 6 years old of the child,,,,,pelagie_q6,,PELAGIE,"Perturbateurs Endocriniens: Étude Longitudinale sur les Anomalies de la Grossesse, l’Infertilit",1.0.0,Patient,
Table containing  data concerning  second year of life of the child,bdd_2a_v_1_0,,,child_data,,,,,bdd_2a_v_1_0,484,Sepages,Suivi de l'Exposition à la Pollution Atmosphérique et Effet sur la,1.0.0,person,
Table containing Ids,code_helix_athlete,,,Id_data,,,,,code_helix_athlete,484,Sepages,Suivi de l'Exposition à la Pollution Atmosphérique et Effet sur la,1.0.0,person,
Table containing data concerning  father's respiratory examination,efr_pere_LMAB_20210902_26,,,Respiratory_function_test_father,,,,,efr_pere_LMAB_20210902_26,484,Sepages,Suivi de l'Exposition à la Pollution Atmosphérique et Effet sur la,1.0.0,person,
Table containing data concerning assessment of pfas,PFAS_2021_12_10,,,pfas_data,,,,,PFAS_2021_12_10,450,Sepages,Suivi de l'Exposition à la Pollution Atmosphérique et Effet sur la,1.0.0,person,
Table containing data concerning assessment of phenols and phtalates during infancy,phenols_phthalates_infancy_mr_585_2021-12-02,,,phenols_phthalates_infancy_data,,,,,phenols_phthalates_infancy_mr_585_2021-12-02,443,Sepages,Suivi de l'Exposition à la Pollution Atmosphérique et Effet sur la,1.0.0,person,
Table containing data concerning assessment of phenols and phtalates during pregnancy,PE_preg_mr_2021-12-02_379,,,phenols_phthalates_pregnancy_data,,,,,PE_preg_mr_2021-12-02_379,479,Sepages,Suivi de l'Exposition à la Pollution Atmosphérique et Effet sur la,1.0.0,person,
Table containing data concerning breastfeeding,ch_bf_mr&ag_2021-12-02_5,,,breastfeeding_data,,,,,ch_bf_mr&ag_2021-12-02_5,484,Sepages,Suivi de l'Exposition à la Pollution Atmosphérique et Effet sur la,1.0.0,person,
Table containing data concerning child's Exposure to Tobacco Smoke,tabac_passif_enf,,,ETS_data,,,,,tabac_passif_enf,484,Sepages,Suivi de l'Exposition à la Pollution Atmosphérique et Effet sur la,1.0.0,person,
Table containing data concerning father of the child SEPAGES,bdd_pere_1_2,,,father_data,,,,,bdd_pere_1_2,410,Sepages,Suivi de l'Exposition à la Pollution Atmosphérique et Effet sur la,1.0.0,person,
Table containing data concerning first year of life of the child,bdd_1a_v1_1,,,child_data,,,,,bdd_1a_v1_1,484,Sepages,Suivi de l'Exposition à la Pollution Atmosphérique et Effet sur la,1.0.0,person,
Table containing data concerning mother's educational level,quest_mt1raa1,,,educational_level_mother_data,,,,,quest_mt1raa1,484,Sepages,Suivi de l'Exposition à la Pollution Atmosphérique et Effet sur la,1.0.0,person,
Table containing data concerning mother's respiratory examination,efr_mere_LMAB_20210902_26,,,Respiratory_function_test_mother,,,,,efr_mere_LMAB_20210902_26,484,Sepages,Suivi de l'Exposition à la Pollution Atmosphérique et Effet sur la,1.0.0,person,
Table containing data concerning pregnancy,bdd_grossesse_v5_1,,,pregnancy_data,,,,,bdd_grossesse_v5_1,484,Sepages,Suivi de l'Exposition à la Pollution Atmosphérique et Effet sur la,1.0.0,person,
Table containing data concerning respiratory health questionnaires for children up to 3 years old,base_respi_enfant_20210326,,,Respiratory_child_data,,,,,base_respi_enfant_20210326,484,Sepages,Suivi de l'Exposition à la Pollution Atmosphérique et Effet sur la,1.0.0,person,
Table containing data concerning ultrasound,Ultrasound_all_SLC_20220428_893,,,ultrasound_data,,,,,Ultrasound_all_SLC_20220428_893,458,Sepages,Suivi de l'Exposition à la Pollution Atmosphérique et Effet sur la,1.0.0,person,
Table containing date of birth of the father,ddn_pere,,,ddn_father,,,,,ddn_pere,484,Sepages,Suivi de l'Exposition à la Pollution Atmosphérique et Effet sur la,1.0.0,person,
This table contains the variables collected at baseline for PELAGIE (pregnancy and birth),pelagie_q0,,,Baseline questionnaire in early pregnancy and data at birth,,,,,pelagie_q0,,PELAGIE,"Perturbateurs Endocriniens: Étude Longitudinale sur les Anomalies de la Grossesse, l’Infertilit",1.0.0,Patient,
Urban exposome dataset generated by Montserrat de Castro (ISGlobal),Urban_ISGlobal,,,Urban exposome dataset generated by Montserrat de Castro (ISGlobal),,,,,Urban_ISGlobal,,PELAGIE,"Perturbateurs Endocriniens: Étude Longitudinale sur les Anomalies de la Grossesse, l’Infertilit",,Patient,
blood pressure of the child measured during G21 cohort follow-ups,blood_pressure,,,blood pressure,,,,,blood_pressure,,G21,Generation 21,1.0.0,,
database with PFASs measurement from cord blood and in the blood of children at 12 years,BDD_perfluores,,,database with PFASs measurement from cord blood and in the blood of children at 12 years,,,,,BDD_perfluores,,PELAGIE,"Perturbateurs Endocriniens: Étude Longitudinale sur les Anomalies de la Grossesse, l’Infertilit",1.0.0,Patient,
database with POPs measurement from cord blood and in the blood of children at 12 years,BDD_pop,,,database with POPs measurement from cord blood and in the blood of children at 12 years,,,,,BDD_pop,,PELAGIE,"Perturbateurs Endocriniens: Étude Longitudinale sur les Anomalies de la Grossesse, l’Infertilit",1.0.0,Patient,
database with blood concentrations of effect biomarkers at 12 years old,pelagie_dosage12,,,database with blood concentrations of effect biomarkers at 12 years old,,,,,pelagie_dosage12,,PELAGIE,"Perturbateurs Endocriniens: Étude Longitudinale sur les Anomalies de la Grossesse, l’Infertilit",,Patient,
database with geocodes of the participants,geocodes,,,database with geocodes of the participants,,,,,geocodes,,PELAGIE,"Perturbateurs Endocriniens: Étude Longitudinale sur les Anomalies de la Grossesse, l’Infertilit",,Patient,
database with measurement of OPs from a maternal urine sample and in children's urine at 6 years,BDD_OP,,,database with measurement of OPs from a maternal urine sample and in children's urine at 6 years,,,,,BDD_OP,,PELAGIE,"Perturbateurs Endocriniens: Étude Longitudinale sur les Anomalies de la Grossesse, l’Infertilit",1.0.0,Patient,
database with measurement of OPs from a maternal urine sample and in children's urine at 6 years,BDD_ethers,,,database with measurement of OPs from a maternal urine sample and in children's urine at 6 years,,,,,BDD_ethers,,PELAGIE,"Perturbateurs Endocriniens: Étude Longitudinale sur les Anomalies de la Grossesse, l’Infertilit",1.0.0,Patient,
database with measurement of cotinine from a maternal urine sample and in children's urine at 6 years,BDD_cotinine,,,database with measurement of cotinine from a maternal urine sample and in children's urine at 6 years,,,,,BDD_cotinine,,PELAGIE,"Perturbateurs Endocriniens: Étude Longitudinale sur les Anomalies de la Grossesse, l’Infertilit",1.0.0,Patient,
database with measurement of creatinine from a maternal urine sample and in children's urine at 6 years,BDD_creatinine,,,database with measurement of creatinine from a maternal urine sample and in children's urine at 6 years,,,,,BDD_creatinine,,PELAGIE,"Perturbateurs Endocriniens: Étude Longitudinale sur les Anomalies de la Grossesse, l’Infertilit",1.0.0,Patient,
database with measurement of metals in a sample of mothers' hair during the third trimester,BDD_mercure,,,database with measurement of metals in a sample of mothers' hair during the third trimester,,,,,BDD_mercure,,PELAGIE,"Perturbateurs Endocriniens: Étude Longitudinale sur les Anomalies de la Grossesse, l’Infertilit",1.0.0,Patient,
database with phtalates and phenols measurement from maternal urine sample,BDD_phtalates_phenols,,,database with phtalates and phenols measurement from maternal urine sample,,,,,BDD_phtalates_phenols,,PELAGIE,"Perturbateurs Endocriniens: Étude Longitudinale sur les Anomalies de la Grossesse, l’Infertilit",1.0.0,Patient,
description for test dataset 2 for test cohort 1,name of test dataset 2 for test cohort 1,Tech_devices|Leisure_act|Other_lifestyle|Phys_act|Transportation|Pers_hygiene|Sleep|Misbehav_crim|Lifestyle_behaviours|Tobacco|Alcohol|Drugs|Nutrition|Sex_behav|Tech_devices|Leisure_act|Other_lifestyle|Phys_act|Transportation|Pers_hygiene|Sleep|Misbehav_crim|Lifestyle_behaviours|Tobacco|Alcohol|Drugs|Nutrition|Sex_behav|Tech_devices|Leisure_act|Other_lifestyle|Phys_act|Transportation|Pers_hygiene|Sleep|Misbehav_crim|Lifestyle_behaviours|Tobacco|Alcohol|Drugs|Nutrition|Sex_behav|Tech_devices|Leisure_act|Other_lifestyle|Phys_act|Transportation|Pers_hygiene|Sleep|Misbehav_crim|Lifestyle_behaviours|Tobacco|Alcohol|Drugs|Nutrition|Sex_behav|Tech_devices|Leisure_act|Other_lifestyle|Phys_act|Transportation|Pers_hygiene|Sleep|Misbehav_crim|Lifestyle_behaviours|Tobacco|Alcohol|Drugs|Nutrition|Sex_behav|Tech_devices|Leisure_act|Other_lifestyle|Phys_act|Transportation|Pers_hygiene|Sleep|Misbehav_crim|Lifestyle_behaviours|Tobacco|Alcohol|Drugs|Nutrition|Sex_behav|Tech_devices|Leisure_act|Other_lifestyle|Phys_act|Transportation|Pers_hygiene|Sleep|Misbehav_crim|Lifestyle_behaviours|Tobacco|Alcohol|Drugs|Nutrition|Sex_behav|Tech_devices|Leisure_act|Other_lifestyle|Phys_act|Transportation|Pers_hygiene|Sleep|Misbehav_crim|Lifestyle_behaviours|Tobacco|Alcohol|Drugs|Nutrition|Sex_behav|Tech_devices|Leisure_act|Other_lifestyle|Phys_act|Transportation|Pers_hygiene|Sleep|Misbehav_crim|Lifestyle_behaviours|Tobacco|Alcohol|Drugs|Nutrition|Sex_behav|Tech_devices|Leisure_act|Other_lifestyle|Phys_act|Transportation|Pers_hygiene|Sleep|Misbehav_crim|Lifestyle_behaviours|Tobacco|Alcohol|Drugs|Nutrition|Sex_behav|Tech_devices|Leisure_act|Other_lifestyle|Phys_act|Transportation|Pers_hygiene|Sleep|Misbehav_crim|Lifestyle_behaviours|Tobacco|Alcohol|Drugs|Nutrition|Sex_behav|Tech_devices|Leisure_act|Other_lifestyle|Phys_act|Transportation|Pers_hygiene|Sleep|Misbehav_crim|Lifestyle_behaviours|Tobacco|Alcohol|Drugs|Nutrition|Sex_behav|Tech_devices|Leisure_act|Other_lifestyle|Phys_act|Transportation|Pers_hygiene|Sleep|Misbehav_crim|Lifestyle_behaviours|Tobacco|Alcohol|Drugs|Nutrition|Sex_behav|Tech_devices|Leisure_act|Other_lifestyle|Phys_act|Transportation|Pers_hygiene|Sleep|Misbehav_crim|Lifestyle_behaviours|Tobacco|Alcohol|Drugs|Nutrition|Sex_behav|Tech_devices|Leisure_act|Other_lifestyle|Phys_act|Transportation|Pers_hygiene|Sleep|Misbehav_crim|Lifestyle_behaviours|Tobacco|Alcohol|Drugs|Nutrition|Sex_behav|Tech_devices|Leisure_act|Other_lifestyle|Phys_act|Transportation|Pers_hygiene|Sleep|Misbehav_crim|Lifestyle_behaviours|Tobacco|Alcohol|Drugs|Nutrition|Sex_behav|Tech_devices|Leisure_act|Other_lifestyle|Phys_act|Transportation|Pers_hygiene|Sleep|Misbehav_crim|Lifestyle_behaviours|Tobacco|Alcohol|Drugs|Nutrition|Sex_behav|Tech_devices|Leisure_act|Other_lifestyle|Phys_act|Transportation|Pers_hygiene|Sleep|Misbehav_crim|Lifestyle_behaviours|Tobacco|Alcohol|Drugs|Nutrition|Sex_behav|Tech_devices|Leisure_act|Other_lifestyle|Phys_act|Transportation|Pers_hygiene|Sleep|Misbehav_crim|Lifestyle_behaviours|Tobacco|Alcohol|Drugs|Nutrition|Sex_behav|Tech_devices|Leisure_act|Other_lifestyle|Phys_act|Transportation|Pers_hygiene|Sleep|Misbehav_crim|Lifestyle_behaviours|Tobacco|Alcohol|Drugs|Nutrition|Sex_behav|Tech_devices|Leisure_act|Other_lifestyle|Phys_act|Transportation|Pers_hygiene|Sleep|Misbehav_crim|Lifestyle_behaviours|Tobacco|Alcohol|Drugs|Nutrition|Sex_behav|Tech_devices|Leisure_act|Other_lifestyle|Phys_act|Transportation|Pers_hygiene|Sleep|Misbehav_crim|Lifestyle_behaviours|Tobacco|Alcohol|Drugs|Nutrition|Sex_behav|Tech_devices|Leisure_act|Other_lifestyle|Phys_act|Transportation|Pers_hygiene|Sleep|Misbehav_crim|Lifestyle_behaviours|Tobacco|Alcohol|Drugs|Nutrition|Sex_behav|Tech_devices|Leisure_act|Other_lifestyle|Phys_act|Transportation|Pers_hygiene|Sleep|Misbehav_crim|Lifestyle_behaviours|Tobacco|Alcohol|Drugs|Nutrition|Sex_behav|Tech_devices|Leisure_act|Other_lifestyle|Phys_act|Transportation|Pers_hygiene|Sleep|Misbehav_crim|Lifestyle_behaviours|Tobacco|Alcohol|Drugs|Nutrition|Sex_behav|Tech_devices|Leisure_act|Other_lifestyle|Phys_act|Transportation|Pers_hygiene|Sleep|Misbehav_crim|Lifestyle_behaviours|Tobacco|Alcohol|Drugs|Nutrition|Sex_behav|Tech_devices|Leisure_act|Other_lifestyle|Phys_act|Transportation|Pers_hygiene|Sleep|Misbehav_crim|Lifestyle_behaviours|Tobacco|Alcohol|Drugs|Nutrition|Sex_behav|Tech_devices|Leisure_act|Other_lifestyle|Phys_act|Transportation|Pers_hygiene|Sleep|Misbehav_crim|Lifestyle_behaviours|Tobacco|Alcohol|Drugs|Nutrition|Sex_behav|Tech_devices|Leisure_act|Other_lifestyle|Phys_act|Transportation|Pers_hygiene|Sleep|Misbehav_crim|Lifestyle_behaviours|Tobacco|Alcohol|Drugs|Nutrition|Sex_behav|Tech_devices|Leisure_act|Other_lifestyle|Phys_act|Transportation|Pers_hygiene|Sleep|Misbehav_crim|Lifestyle_behaviours|Tobacco|Alcohol|Drugs|Nutrition|Sex_behav|Tech_devices|Leisure_act|Other_lifestyle|Phys_act|Transportation|Pers_hygiene|Sleep|Misbehav_crim|Lifestyle_behaviours|Tobacco|Alcohol|Drugs|Nutrition|Sex_behav|Tech_devices|Leisure_act|Other_lifestyle|Phys_act|Transportation|Pers_hygiene|Sleep|Misbehav_crim|Lifestyle_behaviours|Tobacco|Alcohol|Drugs|Nutrition|Sex_behav|Tech_devices|Leisure_act|Other_lifestyle|Phys_act|Transportation|Pers_hygiene|Sleep|Misbehav_crim|Lifestyle_behaviours|Tobacco|Alcohol|Drugs|Nutrition|Sex_behav|Tech_devices|Leisure_act|Other_lifestyle|Phys_act|Transportation|Pers_hygiene|Sleep|Misbehav_crim|Lifestyle_behaviours|Tobacco|Alcohol|Drugs|Nutrition|Sex_behav|Tech_devices|Leisure_act|Other_lifestyle|Phys_act|Transportation|Pers_hygiene|Sleep|Misbehav_crim|Lifestyle_behaviours|Tobacco|Alcohol|Drugs|Nutrition|Sex_behav|Tech_devices|Leisure_act|Other_lifestyle|Phys_act|Transportation|Pers_hygiene|Sleep|Misbehav_crim|Lifestyle_behaviours|Tobacco|Alcohol|Drugs|Nutrition|Sex_behav|Tech_devices|Leisure_act|Other_lifestyle|Phys_act|Transportation|Pers_hygiene|Sleep|Misbehav_crim|Lifestyle_behaviours|Tobacco|Alcohol|Drugs|Nutrition|Sex_behav|Tech_devices|Leisure_act|Other_lifestyle|Phys_act|Transportation|Pers_hygiene|Sleep|Misbehav_crim|Lifestyle_behaviours|Tobacco|Alcohol|Drugs|Nutrition|Sex_behav|Tech_devices|Leisure_act|Other_lifestyle|Phys_act|Transportation|Pers_hygiene|Sleep|Misbehav_crim|Lifestyle_behaviours|Tobacco|Alcohol|Drugs|Nutrition|Sex_behav|Tech_devices|Leisure_act|Other_lifestyle|Phys_act|Transportation|Pers_hygiene|Sleep|Misbehav_crim|Lifestyle_behaviours|Tobacco|Alcohol|Drugs|Nutrition|Sex_behav|Tech_devices|Leisure_act|Other_lifestyle|Phys_act|Transportation|Pers_hygiene|Sleep|Misbehav_crim|Lifestyle_behaviours|Tobacco|Alcohol|Drugs|Nutrition|Sex_behav|Tech_devices|Leisure_act|Other_lifestyle|Phys_act|Transportation|Pers_hygiene|Sleep|Misbehav_crim|Lifestyle_behaviours|Tobacco|Alcohol|Drugs|Nutrition|Sex_behav|Tech_devices|Leisure_act|Other_lifestyle|Phys_act|Transportation|Pers_hygiene|Sleep|Misbehav_crim|Lifestyle_behaviours|Tobacco|Alcohol|Drugs|Nutrition|Sex_behav|Tech_devices|Leisure_act|Other_lifestyle|Phys_act|Transportation|Pers_hygiene|Sleep|Misbehav_crim|Lifestyle_behaviours|Tobacco|Alcohol|Drugs|Nutrition|Sex_behav|Tech_devices|Leisure_act|Other_lifestyle|Phys_act|Transportation|Pers_hygiene|Sleep|Misbehav_crim|Lifestyle_behaviours|Tobacco|Alcohol|Drugs|Nutrition|Sex_behav|Tech_devices|Leisure_act|Other_lifestyle|Phys_act|Transportation|Pers_hygiene|Sleep|Misbehav_crim|Lifestyle_behaviours|Tobacco|Alcohol|Drugs|Nutrition|Sex_behav|Tech_devices|Leisure_act|Other_lifestyle|Phys_act|Transportation|Pers_hygiene|Sleep|Misbehav_crim|Lifestyle_behaviours|Tobacco|Alcohol|Drugs|Nutrition|Sex_behav|Tech_devices|Leisure_act|Other_lifestyle|Phys_act|Transportation|Pers_hygiene|Sleep|Misbehav_crim|Lifestyle_behaviours|Tobacco|Alcohol|Drugs|Nutrition|Sex_behav|Tech_devices|Leisure_act|Other_lifestyle|Phys_act|Transportation|Pers_hygiene|Sleep|Misbehav_crim|Lifestyle_behaviours|Tobacco|Alcohol|Drugs|Nutrition|Sex_behav|Tech_devices|Leisure_act|Other_lifestyle|Phys_act|Transportation|Pers_hygiene|Sleep|Misbehav_crim|Lifestyle_behaviours|Tobacco|Alcohol|Drugs|Nutrition|Sex_behav|Tech_devices|Leisure_act|Other_lifestyle|Phys_act|Transportation|Pers_hygiene|Sleep|Misbehav_crim|Lifestyle_behaviours|Tobacco|Alcohol|Drugs|Nutrition|Sex_behav|Tech_devices|Leisure_act|Other_lifestyle|Phys_act|Transportation|Pers_hygiene|Sleep|Misbehav_crim|Lifestyle_behaviours|Tobacco|Alcohol|Drugs|Nutrition|Sex_behav|Tech_devices|Leisure_act|Other_lifestyle|Phys_act|Transportation|Pers_hygiene|Sleep|Misbehav_crim|Lifestyle_behaviours|Tobacco|Alcohol|Drugs|Nutrition|Sex_behav|Tech_devices|Leisure_act|Other_lifestyle|Phys_act|Transportation|Pers_hygiene|Sleep|Misbehav_crim|Lifestyle_behaviours|Tobacco|Alcohol|Drugs|Nutrition|Sex_behav,Supplements (M)|Supplements (M)|Supplements (M)|Supplements (M)|Supplements (M)|Supplements (M)|Supplements (M)|Supplements (M)|Supplements (M)|Supplements (M)|Supplements (M)|Supplements (M)|Supplements (M)|Supplements (M)|School age|School age|School age|School age|School age|School age|School age|School age|School age|School age|School age|School age|School age|School age|Preschool age - Dietary behavior|Preschool age - Dietary behavior|Preschool age - Dietary behavior|Preschool age - Dietary behavior|Preschool age - Dietary behavior|Preschool age - Dietary behavior|Preschool age - Dietary behavior|Preschool age - Dietary behavior|Preschool age - Dietary behavior|Preschool age - Dietary behavior|Preschool age - Dietary behavior|Preschool age - Dietary behavior|Preschool age - Dietary behavior|Preschool age - Dietary behavior|School age - Method of dietary assessment|School age - Method of dietary assessment|School age - Method of dietary assessment|School age - Method of dietary assessment|School age - Method of dietary assessment|School age - Method of dietary assessment|School age - Method of dietary assessment|School age - Method of dietary assessment|School age - Method of dietary assessment|School age - Method of dietary assessment|School age - Method of dietary assessment|School age - Method of dietary assessment|School age - Method of dietary assessment|School age - Method of dietary assessment|School age - Exact age at dietary assessment|School age - Exact age at dietary assessment|School age - Exact age at dietary assessment|School age - Exact age at dietary assessment|School age - Exact age at dietary assessment|School age - Exact age at dietary assessment|School age - Exact age at dietary assessment|School age - Exact age at dietary assessment|School age - Exact age at dietary assessment|School age - Exact age at dietary assessment|School age - Exact age at dietary assessment|School age - Exact age at dietary assessment|School age - Exact age at dietary assessment|School age - Exact age at dietary assessment|School age - Supplements|School age - Supplements|School age - Supplements|School age - Supplements|School age - Supplements|School age - Supplements|School age - Supplements|School age - Supplements|School age - Supplements|School age - Supplements|School age - Supplements|School age - Supplements|School age - Supplements|School age - Supplements|School age - Food groups|School age - Food groups|School age - Food groups|School age - Food groups|School age - Food groups|School age - Food groups|School age - Food groups|School age - Food groups|School age - Food groups|School age - Food groups|School age - Food groups|School age - Food groups|School age - Food groups|School age - Food groups|School age - Nutrients|School age - Nutrients|School age - Nutrients|School age - Nutrients|School age - Nutrients|School age - Nutrients|School age - Nutrients|School age - Nutrients|School age - Nutrients|School age - Nutrients|School age - Nutrients|School age - Nutrients|School age - Nutrients|School age - Nutrients|Technological devices|Technological devices|Technological devices|Technological devices|Technological devices|Technological devices|Technological devices|Technological devices|Technological devices|Technological devices|Technological devices|Technological devices|Technological devices|Technological devices|DASH diet index|DASH diet index|DASH diet index|DASH diet index|DASH diet index|DASH diet index|DASH diet index|DASH diet index|DASH diet index|DASH diet index|DASH diet index|DASH diet index|DASH diet index|DASH diet index|Method of dietary assessment (M)|Method of dietary assessment (M)|Method of dietary assessment (M)|Method of dietary assessment (M)|Method of dietary assessment (M)|Method of dietary assessment (M)|Method of dietary assessment (M)|Method of dietary assessment (M)|Method of dietary assessment (M)|Method of dietary assessment (M)|Method of dietary assessment (M)|Method of dietary assessment (M)|Method of dietary assessment (M)|Method of dietary assessment (M)|Method of dietary assessment (F)|Method of dietary assessment (F)|Method of dietary assessment (F)|Method of dietary assessment (F)|Method of dietary assessment (F)|Method of dietary assessment (F)|Method of dietary assessment (F)|Method of dietary assessment (F)|Method of dietary assessment (F)|Method of dietary assessment (F)|Method of dietary assessment (F)|Method of dietary assessment (F)|Method of dietary assessment (F)|Method of dietary assessment (F)|Gestational week at dietary assessment|Gestational week at dietary assessment|Gestational week at dietary assessment|Gestational week at dietary assessment|Gestational week at dietary assessment|Gestational week at dietary assessment|Gestational week at dietary assessment|Gestational week at dietary assessment|Gestational week at dietary assessment|Gestational week at dietary assessment|Gestational week at dietary assessment|Gestational week at dietary assessment|Gestational week at dietary assessment|Gestational week at dietary assessment|Food groups (M)|Food groups (M)|Food groups (M)|Food groups (M)|Food groups (M)|Food groups (M)|Food groups (M)|Food groups (M)|Food groups (M)|Food groups (M)|Food groups (M)|Food groups (M)|Food groups (M)|Food groups (M)|Leisure activities|Leisure activities|Leisure activities|Leisure activities|Leisure activities|Leisure activities|Leisure activities|Leisure activities|Leisure activities|Leisure activities|Leisure activities|Leisure activities|Leisure activities|Leisure activities|School age - Dietary behavior|School age - Dietary behavior|School age - Dietary behavior|School age - Dietary behavior|School age - Dietary behavior|School age - Dietary behavior|School age - Dietary behavior|School age - Dietary behavior|School age - Dietary behavior|School age - Dietary behavior|School age - Dietary behavior|School age - Dietary behavior|School age - Dietary behavior|School age - Dietary behavior|Food groups (F)|Food groups (F)|Food groups (F)|Food groups (F)|Food groups (F)|Food groups (F)|Food groups (F)|Food groups (F)|Food groups (F)|Food groups (F)|Food groups (F)|Food groups (F)|Food groups (F)|Food groups (F)|Nutrients (M)|Nutrients (M)|Nutrients (M)|Nutrients (M)|Nutrients (M)|Nutrients (M)|Nutrients (M)|Nutrients (M)|Nutrients (M)|Nutrients (M)|Nutrients (M)|Nutrients (M)|Nutrients (M)|Nutrients (M)|Nutrients (F)|Nutrients (F)|Nutrients (F)|Nutrients (F)|Nutrients (F)|Nutrients (F)|Nutrients (F)|Nutrients (F)|Nutrients (F)|Nutrients (F)|Nutrients (F)|Nutrients (F)|Nutrients (F)|Nutrients (F)|Supplements (F)|Supplements (F)|Supplements (F)|Supplements (F)|Supplements (F)|Supplements (F)|Supplements (F)|Supplements (F)|Supplements (F)|Supplements (F)|Supplements (F)|Supplements (F)|Supplements (F)|Supplements (F)|Other and unspecified lifestyle information|Other and unspecified lifestyle information|Other and unspecified lifestyle information|Other and unspecified lifestyle information|Other and unspecified lifestyle information|Other and unspecified lifestyle information|Other and unspecified lifestyle information|Other and unspecified lifestyle information|Other and unspecified lifestyle information|Other and unspecified lifestyle information|Other and unspecified lifestyle information|Other and unspecified lifestyle information|Other and unspecified lifestyle information|Other and unspecified lifestyle information|School age - DASH diet index|School age - DASH diet index|School age - DASH diet index|School age - DASH diet index|School age - DASH diet index|School age - DASH diet index|School age - DASH diet index|School age - DASH diet index|School age - DASH diet index|School age - DASH diet index|School age - DASH diet index|School age - DASH diet index|School age - DASH diet index|School age - DASH diet index|DASH diet index (M)|DASH diet index (M)|DASH diet index (M)|DASH diet index (M)|DASH diet index (M)|DASH diet index (M)|DASH diet index (M)|DASH diet index (M)|DASH diet index (M)|DASH diet index (M)|DASH diet index (M)|DASH diet index (M)|DASH diet index (M)|DASH diet index (M)|DASH diet index (F)|DASH diet index (F)|DASH diet index (F)|DASH diet index (F)|DASH diet index (F)|DASH diet index (F)|DASH diet index (F)|DASH diet index (F)|DASH diet index (F)|DASH diet index (F)|DASH diet index (F)|DASH diet index (F)|DASH diet index (F)|DASH diet index (F)|Physical activity|Physical activity|Physical activity|Physical activity|Physical activity|Physical activity|Physical activity|Physical activity|Physical activity|Physical activity|Physical activity|Physical activity|Physical activity|Physical activity|Transportation|Transportation|Transportation|Transportation|Transportation|Transportation|Transportation|Transportation|Transportation|Transportation|Transportation|Transportation|Transportation|Transportation|Personal hygiene|Personal hygiene|Personal hygiene|Personal hygiene|Personal hygiene|Personal hygiene|Personal hygiene|Personal hygiene|Personal hygiene|Personal hygiene|Personal hygiene|Personal hygiene|Personal hygiene|Personal hygiene|Sleep|Sleep|Sleep|Sleep|Sleep|Sleep|Sleep|Sleep|Sleep|Sleep|Sleep|Sleep|Sleep|Sleep|Misbehaviour and criminality|Misbehaviour and criminality|Misbehaviour and criminality|Misbehaviour and criminality|Misbehaviour and criminality|Misbehaviour and criminality|Misbehaviour and criminality|Misbehaviour and criminality|Misbehaviour and criminality|Misbehaviour and criminality|Misbehaviour and criminality|Misbehaviour and criminality|Misbehaviour and criminality|Misbehaviour and criminality|Preschool age - Method of dietary assessment|Preschool age - Method of dietary assessment|Preschool age - Method of dietary assessment|Preschool age - Method of dietary assessment|Preschool age - Method of dietary assessment|Preschool age - Method of dietary assessment|Preschool age - Method of dietary assessment|Preschool age - Method of dietary assessment|Preschool age - Method of dietary assessment|Preschool age - Method of dietary assessment|Preschool age - Method of dietary assessment|Preschool age - Method of dietary assessment|Preschool age - Method of dietary assessment|Preschool age - Method of dietary assessment|Preschool age - Food groups|Preschool age - Food groups|Preschool age - Food groups|Preschool age - Food groups|Preschool age - Food groups|Preschool age - Food groups|Preschool age - Food groups|Preschool age - Food groups|Preschool age - Food groups|Preschool age - Food groups|Preschool age - Food groups|Preschool age - Food groups|Preschool age - Food groups|Preschool age - Food groups|Preschool age - Supplements|Preschool age - Supplements|Preschool age - Supplements|Preschool age - Supplements|Preschool age - Supplements|Preschool age - Supplements|Preschool age - Supplements|Preschool age - Supplements|Preschool age - Supplements|Preschool age - Supplements|Preschool age - Supplements|Preschool age - Supplements|Preschool age - Supplements|Preschool age - Supplements|Preschool age - Nutrients|Preschool age - Nutrients|Preschool age - Nutrients|Preschool age - Nutrients|Preschool age - Nutrients|Preschool age - Nutrients|Preschool age - Nutrients|Preschool age - Nutrients|Preschool age - Nutrients|Preschool age - Nutrients|Preschool age - Nutrients|Preschool age - Nutrients|Preschool age - Nutrients|Preschool age - Nutrients|Lifestyle and behaviours|Lifestyle and behaviours|Lifestyle and behaviours|Lifestyle and behaviours|Lifestyle and behaviours|Lifestyle and behaviours|Lifestyle and behaviours|Lifestyle and behaviours|Lifestyle and behaviours|Lifestyle and behaviours|Lifestyle and behaviours|Lifestyle and behaviours|Lifestyle and behaviours|Lifestyle and behaviours|Tobacco|Tobacco|Tobacco|Tobacco|Tobacco|Tobacco|Tobacco|Tobacco|Tobacco|Tobacco|Tobacco|Tobacco|Tobacco|Tobacco|Maternal smoking|Maternal smoking|Maternal smoking|Maternal smoking|Maternal smoking|Maternal smoking|Maternal smoking|Maternal smoking|Maternal smoking|Maternal smoking|Maternal smoking|Maternal smoking|Maternal smoking|Maternal smoking|Paternal smoking|Paternal smoking|Paternal smoking|Paternal smoking|Paternal smoking|Paternal smoking|Paternal smoking|Paternal smoking|Paternal smoking|Paternal smoking|Paternal smoking|Paternal smoking|Paternal smoking|Paternal smoking|Alcohol|Alcohol|Alcohol|Alcohol|Alcohol|Alcohol|Alcohol|Alcohol|Alcohol|Alcohol|Alcohol|Alcohol|Alcohol|Alcohol|Drugs|Drugs|Drugs|Drugs|Drugs|Drugs|Drugs|Drugs|Drugs|Drugs|Drugs|Drugs|Drugs|Drugs|Nutrition|Nutrition|Nutrition|Nutrition|Nutrition|Nutrition|Nutrition|Nutrition|Nutrition|Nutrition|Nutrition|Nutrition|Nutrition|Nutrition|Preschool age|Preschool age|Preschool age|Preschool age|Preschool age|Preschool age|Preschool age|Preschool age|Preschool age|Preschool age|Preschool age|Preschool age|Preschool age|Preschool age|Method of dietary assessment (Preschool)|Method of dietary assessment (Preschool)|Method of dietary assessment (Preschool)|Method of dietary assessment (Preschool)|Method of dietary assessment (Preschool)|Method of dietary assessment (Preschool)|Method of dietary assessment (Preschool)|Method of dietary assessment (Preschool)|Method of dietary assessment (Preschool)|Method of dietary assessment (Preschool)|Method of dietary assessment (Preschool)|Method of dietary assessment (Preschool)|Method of dietary assessment (Preschool)|Method of dietary assessment (Preschool)|Exact age at dietary assessment (Preschool)|Exact age at dietary assessment (Preschool)|Exact age at dietary assessment (Preschool)|Exact age at dietary assessment (Preschool)|Exact age at dietary assessment (Preschool)|Exact age at dietary assessment (Preschool)|Exact age at dietary assessment (Preschool)|Exact age at dietary assessment (Preschool)|Exact age at dietary assessment (Preschool)|Exact age at dietary assessment (Preschool)|Exact age at dietary assessment (Preschool)|Exact age at dietary assessment (Preschool)|Exact age at dietary assessment (Preschool)|Exact age at dietary assessment (Preschool)|Food groups (Preschool)|Food groups (Preschool)|Food groups (Preschool)|Food groups (Preschool)|Food groups (Preschool)|Food groups (Preschool)|Food groups (Preschool)|Food groups (Preschool)|Food groups (Preschool)|Food groups (Preschool)|Food groups (Preschool)|Food groups (Preschool)|Food groups (Preschool)|Food groups (Preschool)|Supplements (Preschool)|Supplements (Preschool)|Supplements (Preschool)|Supplements (Preschool)|Supplements (Preschool)|Supplements (Preschool)|Supplements (Preschool)|Supplements (Preschool)|Supplements (Preschool)|Supplements (Preschool)|Supplements (Preschool)|Supplements (Preschool)|Supplements (Preschool)|Supplements (Preschool)|Nutrients (Preschool)|Nutrients (Preschool)|Nutrients (Preschool)|Nutrients (Preschool)|Nutrients (Preschool)|Nutrients (Preschool)|Nutrients (Preschool)|Nutrients (Preschool)|Nutrients (Preschool)|Nutrients (Preschool)|Nutrients (Preschool)|Nutrients (Preschool)|Nutrients (Preschool)|Nutrients (Preschool)|Dietary behavior (Preschool)|Dietary behavior (Preschool)|Dietary behavior (Preschool)|Dietary behavior (Preschool)|Dietary behavior (Preschool)|Dietary behavior (Preschool)|Dietary behavior (Preschool)|Dietary behavior (Preschool)|Dietary behavior (Preschool)|Dietary behavior (Preschool)|Dietary behavior (Preschool)|Dietary behavior (Preschool)|Dietary behavior (Preschool)|Dietary behavior (Preschool)|Method of dietary assessment (School)|Method of dietary assessment (School)|Method of dietary assessment (School)|Method of dietary assessment (School)|Method of dietary assessment (School)|Method of dietary assessment (School)|Method of dietary assessment (School)|Method of dietary assessment (School)|Method of dietary assessment (School)|Method of dietary assessment (School)|Method of dietary assessment (School)|Method of dietary assessment (School)|Method of dietary assessment (School)|Method of dietary assessment (School)|Exact age at dietary assessment (School)|Exact age at dietary assessment (School)|Exact age at dietary assessment (School)|Exact age at dietary assessment (School)|Exact age at dietary assessment (School)|Exact age at dietary assessment (School)|Exact age at dietary assessment (School)|Exact age at dietary assessment (School)|Exact age at dietary assessment (School)|Exact age at dietary assessment (School)|Exact age at dietary assessment (School)|Exact age at dietary assessment (School)|Exact age at dietary assessment (School)|Exact age at dietary assessment (School)|Supplements (School)|Supplements (School)|Supplements (School)|Supplements (School)|Supplements (School)|Supplements (School)|Supplements (School)|Supplements (School)|Supplements (School)|Supplements (School)|Supplements (School)|Supplements (School)|Supplements (School)|Supplements (School)|Sexual behaviours and orientation|Sexual behaviours and orientation|Sexual behaviours and orientation|Sexual behaviours and orientation|Sexual behaviours and orientation|Sexual behaviours and orientation|Sexual behaviours and orientation|Sexual behaviours and orientation|Sexual behaviours and orientation|Sexual behaviours and orientation|Sexual behaviours and orientation|Sexual behaviours and orientation|Sexual behaviours and orientation|Sexual behaviours and orientation|Food groups (School)|Food groups (School)|Food groups (School)|Food groups (School)|Food groups (School)|Food groups (School)|Food groups (School)|Food groups (School)|Food groups (School)|Food groups (School)|Food groups (School)|Food groups (School)|Food groups (School)|Food groups (School)|Nutrients (School)|Nutrients (School)|Nutrients (School)|Nutrients (School)|Nutrients (School)|Nutrients (School)|Nutrients (School)|Nutrients (School)|Nutrients (School)|Nutrients (School)|Nutrients (School)|Nutrients (School)|Nutrients (School)|Nutrients (School)|Dietary behavior (School)|Dietary behavior (School)|Dietary behavior (School)|Dietary behavior (School)|Dietary behavior (School)|Dietary behavior (School)|Dietary behavior (School)|Dietary behavior (School)|Dietary behavior (School)|Dietary behavior (School)|Dietary behavior (School)|Dietary behavior (School)|Dietary behavior (School)|Dietary behavior (School),label for test dataset 2 for test cohort 1,,,,,name of test dataset 2 for test cohort 1,64000,testCohort1,Name for test cohort 1,1980,observation,
test description for dataset 1,test dataset for testCohort1,Social_environment|Soc_network|Soc_participation|Soc_support|Parenting|Other_soc_characteristics|Social_environment|Soc_network|Soc_participation|Soc_support|Parenting|Other_soc_characteristics|Social_environment|Soc_network|Soc_participation|Soc_support|Parenting|Other_soc_characteristics|Social_environment|Soc_network|Soc_participation|Soc_support|Parenting|Other_soc_characteristics|Social_environment|Soc_network|Soc_participation|Soc_support|Parenting|Other_soc_characteristics|Social_environment|Soc_network|Soc_participation|Soc_support|Parenting|Other_soc_characteristics|Social_environment|Soc_network|Soc_participation|Soc_support|Parenting|Other_soc_characteristics,Social environment and relationships|Social environment and relationships|Social environment and relationships|Social environment and relationships|Social environment and relationships|Social environment and relationships|Social network|Social network|Social network|Social network|Social network|Social network|Social participation|Social participation|Social participation|Social participation|Social participation|Social participation|Social support|Social support|Social support|Social support|Social support|Social support|Parenting and familial environment|Parenting and familial environment|Parenting and familial environment|Parenting and familial environment|Parenting and familial environment|Parenting and familial environment|Other social environment characteristics|Other social environment characteristics|Other social environment characteristics|Other social environment characteristics|Other social environment characteristics|Other social environment characteristics|Family mental health|Family mental health|Family mental health|Family mental health|Family mental health|Family mental health,label for test dataset 1,,,,,test dataset for testCohort1,30000,testCohort1,Name for test cohort 1,1959,Patient,1985
test description of dataset for cohort 2,test dataset for testCohort2,Physical_environment|Housing|Neighborhood|Workplace|Radiation_exp|Chemical_exp|Biological_exp|Other_environment|Physical_environment|Housing|Neighborhood|Workplace|Radiation_exp|Chemical_exp|Biological_exp|Other_environment|Physical_environment|Housing|Neighborhood|Workplace|Radiation_exp|Chemical_exp|Biological_exp|Other_environment|Physical_environment|Housing|Neighborhood|Workplace|Radiation_exp|Chemical_exp|Biological_exp|Other_environment|Physical_environment|Housing|Neighborhood|Workplace|Radiation_exp|Chemical_exp|Biological_exp|Other_environment|Physical_environment|Housing|Neighborhood|Workplace|Radiation_exp|Chemical_exp|Biological_exp|Other_environment|Physical_environment|Housing|Neighborhood|Workplace|Radiation_exp|Chemical_exp|Biological_exp|Other_environment|Physical_environment|Housing|Neighborhood|Workplace|Radiation_exp|Chemical_exp|Biological_exp|Other_environment|Physical_environment|Housing|Neighborhood|Workplace|Radiation_exp|Chemical_exp|Biological_exp|Other_environment|Physical_environment|Housing|Neighborhood|Workplace|Radiation_exp|Chemical_exp|Biological_exp|Other_environment|Physical_environment|Housing|Neighborhood|Workplace|Radiation_exp|Chemical_exp|Biological_exp|Other_environment|Physical_environment|Housing|Neighborhood|Workplace|Radiation_exp|Chemical_exp|Biological_exp|Other_environment|Physical_environment|Housing|Neighborhood|Workplace|Radiation_exp|Chemical_exp|Biological_exp|Other_environment|Physical_environment|Housing|Neighborhood|Workplace|Radiation_exp|Chemical_exp|Biological_exp|Other_environment|Physical_environment|Housing|Neighborhood|Workplace|Radiation_exp|Chemical_exp|Biological_exp|Other_environment|Physical_environment|Housing|Neighborhood|Workplace|Radiation_exp|Chemical_exp|Biological_exp|Other_environment|Physical_environment|Housing|Neighborhood|Workplace|Radiation_exp|Chemical_exp|Biological_exp|Other_environment|Physical_environment|Housing|Neighborhood|Workplace|Radiation_exp|Chemical_exp|Biological_exp|Other_environment|Physical_environment|Housing|Neighborhood|Workplace|Radiation_exp|Chemical_exp|Biological_exp|Other_environment|Physical_environment|Housing|Neighborhood|Workplace|Radiation_exp|Chemical_exp|Biological_exp|Other_environment|Physical_environment|Housing|Neighborhood|Workplace|Radiation_exp|Chemical_exp|Biological_exp|Other_environment|Physical_environment|Housing|Neighborhood|Workplace|Radiation_exp|Chemical_exp|Biological_exp|Other_environment|Physical_environment|Housing|Neighborhood|Workplace|Radiation_exp|Chemical_exp|Biological_exp|Other_environment|Physical_environment|Housing|Neighborhood|Workplace|Radiation_exp|Chemical_exp|Biological_exp|Other_environment|Physical_environment|Housing|Neighborhood|Workplace|Radiation_exp|Chemical_exp|Biological_exp|Other_environment|Physical_environment|Housing|Neighborhood|Workplace|Radiation_exp|Chemical_exp|Biological_exp|Other_environment|Physical_environment|Housing|Neighborhood|Workplace|Radiation_exp|Chemical_exp|Biological_exp|Other_environment|Physical_environment|Housing|Neighborhood|Workplace|Radiation_exp|Chemical_exp|Biological_exp|Other_environment|Physical_environment|Housing|Neighborhood|Workplace|Radiation_exp|Chemical_exp|Biological_exp|Other_environment|Physical_environment|Housing|Neighborhood|Workplace|Radiation_exp|Chemical_exp|Biological_exp|Other_environment|Physical_environment|Housing|Neighborhood|Workplace|Radiation_exp|Chemical_exp|Biological_exp|Other_environment|Physical_environment|Housing|Neighborhood|Workplace|Radiation_exp|Chemical_exp|Biological_exp|Other_environment|Physical_environment|Housing|Neighborhood|Workplace|Radiation_exp|Chemical_exp|Biological_exp|Other_environment|Physical_environment|Housing|Neighborhood|Workplace|Radiation_exp|Chemical_exp|Biological_exp|Other_environment|Physical_environment|Housing|Neighborhood|Workplace|Radiation_exp|Chemical_exp|Biological_exp|Other_environment|Physical_environment|Housing|Neighborhood|Workplace|Radiation_exp|Chemical_exp|Biological_exp|Other_environment|Physical_environment|Housing|Neighborhood|Workplace|Radiation_exp|Chemical_exp|Biological_exp|Other_environment|Physical_environment|Housing|Neighborhood|Workplace|Radiation_exp|Chemical_exp|Biological_exp|Other_environment|Physical_environment|Housing|Neighborhood|Workplace|Radiation_exp|Chemical_exp|Biological_exp|Other_environment|Physical_environment|Housing|Neighborhood|Workplace|Radiation_exp|Chemical_exp|Biological_exp|Other_environment|Physical_environment|Housing|Neighborhood|Workplace|Radiation_exp|Chemical_exp|Biological_exp|Other_environment|Physical_environment|Housing|Neighborhood|Workplace|Radiation_exp|Chemical_exp|Biological_exp|Other_environment|Physical_environment|Housing|Neighborhood|Workplace|Radiation_exp|Chemical_exp|Biological_exp|Other_environment|Physical_environment|Housing|Neighborhood|Workplace|Radiation_exp|Chemical_exp|Biological_exp|Other_environment|Physical_environment|Housing|Neighborhood|Workplace|Radiation_exp|Chemical_exp|Biological_exp|Other_environment|Physical_environment|Housing|Neighborhood|Workplace|Radiation_exp|Chemical_exp|Biological_exp|Other_environment|Physical_environment|Housing|Neighborhood|Workplace|Radiation_exp|Chemical_exp|Biological_exp|Other_environment|Physical_environment|Housing|Neighborhood|Workplace|Radiation_exp|Chemical_exp|Biological_exp|Other_environment|Physical_environment|Housing|Neighborhood|Workplace|Radiation_exp|Chemical_exp|Biological_exp|Other_environment|Physical_environment|Housing|Neighborhood|Workplace|Radiation_exp|Chemical_exp|Biological_exp|Other_environment|Physical_environment|Housing|Neighborhood|Workplace|Radiation_exp|Chemical_exp|Biological_exp|Other_environment|Physical_environment|Housing|Neighborhood|Workplace|Radiation_exp|Chemical_exp|Biological_exp|Other_environment|Physical_environment|Housing|Neighborhood|Workplace|Radiation_exp|Chemical_exp|Biological_exp|Other_environment|Physical_environment|Housing|Neighborhood|Workplace|Radiation_exp|Chemical_exp|Biological_exp|Other_environment|Physical_environment|Housing|Neighborhood|Workplace|Radiation_exp|Chemical_exp|Biological_exp|Other_environment|Physical_environment|Housing|Neighborhood|Workplace|Radiation_exp|Chemical_exp|Biological_exp|Other_environment|Physical_environment|Housing|Neighborhood|Workplace|Radiation_exp|Chemical_exp|Biological_exp|Other_environment|Physical_environment|Housing|Neighborhood|Workplace|Radiation_exp|Chemical_exp|Biological_exp|Other_environment|Physical_environment|Housing|Neighborhood|Workplace|Radiation_exp|Chemical_exp|Biological_exp|Other_environment|Physical_environment|Housing|Neighborhood|Workplace|Radiation_exp|Chemical_exp|Biological_exp|Other_environment|Physical_environment|Housing|Neighborhood|Workplace|Radiation_exp|Chemical_exp|Biological_exp|Other_environment|Physical_environment|Housing|Neighborhood|Workplace|Radiation_exp|Chemical_exp|Biological_exp|Other_environment|Physical_environment|Housing|Neighborhood|Workplace|Radiation_exp|Chemical_exp|Biological_exp|Other_environment|Physical_environment|Housing|Neighborhood|Workplace|Radiation_exp|Chemical_exp|Biological_exp|Other_environment|Physical_environment|Housing|Neighborhood|Workplace|Radiation_exp|Chemical_exp|Biological_exp|Other_environment|Physical_environment|Housing|Neighborhood|Workplace|Radiation_exp|Chemical_exp|Biological_exp|Other_environment|Physical_environment|Housing|Neighborhood|Workplace|Radiation_exp|Chemical_exp|Biological_exp|Other_environment|Physical_environment|Housing|Neighborhood|Workplace|Radiation_exp|Chemical_exp|Biological_exp|Other_environment|Physical_environment|Housing|Neighborhood|Workplace|Radiation_exp|Chemical_exp|Biological_exp|Other_environment|Physical_environment|Housing|Neighborhood|Workplace|Radiation_exp|Chemical_exp|Biological_exp|Other_environment|Physical_environment|Housing|Neighborhood|Workplace|Radiation_exp|Chemical_exp|Biological_exp|Other_environment|Physical_environment|Housing|Neighborhood|Workplace|Radiation_exp|Chemical_exp|Biological_exp|Other_environment|Physical_environment|Housing|Neighborhood|Workplace|Radiation_exp|Chemical_exp|Biological_exp|Other_environment|Physical_environment|Housing|Neighborhood|Workplace|Radiation_exp|Chemical_exp|Biological_exp|Other_environment|Physical_environment|Housing|Neighborhood|Workplace|Radiation_exp|Chemical_exp|Biological_exp|Other_environment|Physical_environment|Housing|Neighborhood|Workplace|Radiation_exp|Chemical_exp|Biological_exp|Other_environment|Physical_environment|Housing|Neighborhood|Workplace|Radiation_exp|Chemical_exp|Biological_exp|Other_environment|Physical_environment|Housing|Neighborhood|Workplace|Radiation_exp|Chemical_exp|Biological_exp|Other_environment|Physical_environment|Housing|Neighborhood|Workplace|Radiation_exp|Chemical_exp|Biological_exp|Other_environment|Physical_environment|Housing|Neighborhood|Workplace|Radiation_exp|Chemical_exp|Biological_exp|Other_environment|Physical_environment|Housing|Neighborhood|Workplace|Radiation_exp|Chemical_exp|Biological_exp|Other_environment|Physical_environment|Housing|Neighborhood|Workplace|Radiation_exp|Chemical_exp|Biological_exp|Other_environment|Physical_environment|Housing|Neighborhood|Workplace|Radiation_exp|Chemical_exp|Biological_exp|Other_environment|Physical_environment|Housing|Neighborhood|Workplace|Radiation_exp|Chemical_exp|Biological_exp|Other_environment|Physical_environment|Housing|Neighborhood|Workplace|Radiation_exp|Chemical_exp|Biological_exp|Other_environment|Physical_environment|Housing|Neighborhood|Workplace|Radiation_exp|Chemical_exp|Biological_exp|Other_environment|Physical_environment|Housing|Neighborhood|Workplace|Radiation_exp|Chemical_exp|Biological_exp|Other_environment|Physical_environment|Housing|Neighborhood|Workplace|Radiation_exp|Chemical_exp|Biological_exp|Other_environment|Physical_environment|Housing|Neighborhood|Workplace|Radiation_exp|Chemical_exp|Biological_exp|Other_environment|Physical_environment|Housing|Neighborhood|Workplace|Radiation_exp|Chemical_exp|Biological_exp|Other_environment|Physical_environment|Housing|Neighborhood|Workplace|Radiation_exp|Chemical_exp|Biological_exp|Other_environment|Physical_environment|Housing|Neighborhood|Workplace|Radiation_exp|Chemical_exp|Biological_exp|Other_environment|Physical_environment|Housing|Neighborhood|Workplace|Radiation_exp|Chemical_exp|Biological_exp|Other_environment|Physical_environment|Housing|Neighborhood|Workplace|Radiation_exp|Chemical_exp|Biological_exp|Other_environment|Physical_environment|Housing|Neighborhood|Workplace|Radiation_exp|Chemical_exp|Biological_exp|Other_environment|Physical_environment|Housing|Neighborhood|Workplace|Radiation_exp|Chemical_exp|Biological_exp|Other_environment|Physical_environment|Housing|Neighborhood|Workplace|Radiation_exp|Chemical_exp|Biological_exp|Other_environment|Physical_environment|Housing|Neighborhood|Workplace|Radiation_exp|Chemical_exp|Biological_exp|Other_environment|Physical_environment|Housing|Neighborhood|Workplace|Radiation_exp|Chemical_exp|Biological_exp|Other_environment|Physical_environment|Housing|Neighborhood|Workplace|Radiation_exp|Chemical_exp|Biological_exp|Other_environment|Physical_environment|Housing|Neighborhood|Workplace|Radiation_exp|Chemical_exp|Biological_exp|Other_environment|Physical_environment|Housing|Neighborhood|Workplace|Radiation_exp|Chemical_exp|Biological_exp|Other_environment|Physical_environment|Housing|Neighborhood|Workplace|Radiation_exp|Chemical_exp|Biological_exp|Other_environment|Physical_environment|Housing|Neighborhood|Workplace|Radiation_exp|Chemical_exp|Biological_exp|Other_environment|Physical_environment|Housing|Neighborhood|Workplace|Radiation_exp|Chemical_exp|Biological_exp|Other_environment|Physical_environment|Housing|Neighborhood|Workplace|Radiation_exp|Chemical_exp|Biological_exp|Other_environment|Physical_environment|Housing|Neighborhood|Workplace|Radiation_exp|Chemical_exp|Biological_exp|Other_environment|Physical_environment|Housing|Neighborhood|Workplace|Radiation_exp|Chemical_exp|Biological_exp|Other_environment|Physical_environment|Housing|Neighborhood|Workplace|Radiation_exp|Chemical_exp|Biological_exp|Other_environment|Physical_environment|Housing|Neighborhood|Workplace|Radiation_exp|Chemical_exp|Biological_exp|Other_environment|Physical_environment|Housing|Neighborhood|Workplace|Radiation_exp|Chemical_exp|Biological_exp|Other_environment|Physical_environment|Housing|Neighborhood|Workplace|Radiation_exp|Chemical_exp|Biological_exp|Other_environment|Physical_environment|Housing|Neighborhood|Workplace|Radiation_exp|Chemical_exp|Biological_exp|Other_environment|Physical_environment|Housing|Neighborhood|Workplace|Radiation_exp|Chemical_exp|Biological_exp|Other_environment|Physical_environment|Housing|Neighborhood|Workplace|Radiation_exp|Chemical_exp|Biological_exp|Other_environment|Physical_environment|Housing|Neighborhood|Workplace|Radiation_exp|Chemical_exp|Biological_exp|Other_environment|Physical_environment|Housing|Neighborhood|Workplace|Radiation_exp|Chemical_exp|Biological_exp|Other_environment|Physical_environment|Housing|Neighborhood|Workplace|Radiation_exp|Chemical_exp|Biological_exp|Other_environment|Physical_environment|Housing|Neighborhood|Workplace|Radiation_exp|Chemical_exp|Biological_exp|Other_environment|Physical_environment|Housing|Neighborhood|Workplace|Radiation_exp|Chemical_exp|Biological_exp|Other_environment|Physical_environment|Housing|Neighborhood|Workplace|Radiation_exp|Chemical_exp|Biological_exp|Other_environment|Physical_environment|Housing|Neighborhood|Workplace|Radiation_exp|Chemical_exp|Biological_exp|Other_environment|Physical_environment|Housing|Neighborhood|Workplace|Radiation_exp|Chemical_exp|Biological_exp|Other_environment|Physical_environment|Housing|Neighborhood|Workplace|Radiation_exp|Chemical_exp|Biological_exp|Other_environment|Physical_environment|Housing|Neighborhood|Workplace|Radiation_exp|Chemical_exp|Biological_exp|Other_environment|Physical_environment|Housing|Neighborhood|Workplace|Radiation_exp|Chemical_exp|Biological_exp|Other_environment|Physical_environment|Housing|Neighborhood|Workplace|Radiation_exp|Chemical_exp|Biological_exp|Other_environment|Physical_environment|Housing|Neighborhood|Workplace|Radiation_exp|Chemical_exp|Biological_exp|Other_environment|Physical_environment|Housing|Neighborhood|Workplace|Radiation_exp|Chemical_exp|Biological_exp|Other_environment|Physical_environment|Housing|Neighborhood|Workplace|Radiation_exp|Chemical_exp|Biological_exp|Other_environment|Physical_environment|Housing|Neighborhood|Workplace|Radiation_exp|Chemical_exp|Biological_exp|Other_environment|Physical_environment|Housing|Neighborhood|Workplace|Radiation_exp|Chemical_exp|Biological_exp|Other_environment|Physical_environment|Housing|Neighborhood|Workplace|Radiation_exp|Chemical_exp|Biological_exp|Other_environment|Physical_environment|Housing|Neighborhood|Workplace|Radiation_exp|Chemical_exp|Biological_exp|Other_environment|Physical_environment|Housing|Neighborhood|Workplace|Radiation_exp|Chemical_exp|Biological_exp|Other_environment|Physical_environment|Housing|Neighborhood|Workplace|Radiation_exp|Chemical_exp|Biological_exp|Other_environment|Physical_environment|Housing|Neighborhood|Workplace|Radiation_exp|Chemical_exp|Biological_exp|Other_environment|Physical_environment|Housing|Neighborhood|Workplace|Radiation_exp|Chemical_exp|Biological_exp|Other_environment|Physical_environment|Housing|Neighborhood|Workplace|Radiation_exp|Chemical_exp|Biological_exp|Other_environment|Physical_environment|Housing|Neighborhood|Workplace|Radiation_exp|Chemical_exp|Biological_exp|Other_environment|Physical_environment|Housing|Neighborhood|Workplace|Radiation_exp|Chemical_exp|Biological_exp|Other_environment|Physical_environment|Housing|Neighborhood|Workplace|Radiation_exp|Chemical_exp|Biological_exp|Other_environment|Physical_environment|Housing|Neighborhood|Workplace|Radiation_exp|Chemical_exp|Biological_exp|Other_environment|Physical_environment|Housing|Neighborhood|Workplace|Radiation_exp|Chemical_exp|Biological_exp|Other_environment|Physical_environment|Housing|Neighborhood|Workplace|Radiation_exp|Chemical_exp|Biological_exp|Other_environment|Physical_environment|Housing|Neighborhood|Workplace|Radiation_exp|Chemical_exp|Biological_exp|Other_environment|Physical_environment|Housing|Neighborhood|Workplace|Radiation_exp|Chemical_exp|Biological_exp|Other_environment|Physical_environment|Housing|Neighborhood|Workplace|Radiation_exp|Chemical_exp|Biological_exp|Other_environment|Physical_environment|Housing|Neighborhood|Workplace|Radiation_exp|Chemical_exp|Biological_exp|Other_environment|Physical_environment|Housing|Neighborhood|Workplace|Radiation_exp|Chemical_exp|Biological_exp|Other_environment|Physical_environment|Housing|Neighborhood|Workplace|Radiation_exp|Chemical_exp|Biological_exp|Other_environment|Physical_environment|Housing|Neighborhood|Workplace|Radiation_exp|Chemical_exp|Biological_exp|Other_environment|Physical_environment|Housing|Neighborhood|Workplace|Radiation_exp|Chemical_exp|Biological_exp|Other_environment|Physical_environment|Housing|Neighborhood|Workplace|Radiation_exp|Chemical_exp|Biological_exp|Other_environment|Physical_environment|Housing|Neighborhood|Workplace|Radiation_exp|Chemical_exp|Biological_exp|Other_environment|Physical_environment|Housing|Neighborhood|Workplace|Radiation_exp|Chemical_exp|Biological_exp|Other_environment|Physical_environment|Housing|Neighborhood|Workplace|Radiation_exp|Chemical_exp|Biological_exp|Other_environment|Physical_environment|Housing|Neighborhood|Workplace|Radiation_exp|Chemical_exp|Biological_exp|Other_environment|Physical_environment|Housing|Neighborhood|Workplace|Radiation_exp|Chemical_exp|Biological_exp|Other_environment|Physical_environment|Housing|Neighborhood|Workplace|Radiation_exp|Chemical_exp|Biological_exp|Other_environment|Physical_environment|Housing|Neighborhood|Workplace|Radiation_exp|Chemical_exp|Biological_exp|Other_environment|Physical_environment|Housing|Neighborhood|Workplace|Radiation_exp|Chemical_exp|Biological_exp|Other_environment|Physical_environment|Housing|Neighborhood|Workplace|Radiation_exp|Chemical_exp|Biological_exp|Other_environment|Physical_environment|Housing|Neighborhood|Workplace|Radiation_exp|Chemical_exp|Biological_exp|Other_environment,distance (traffic)|distance (traffic)|distance (traffic)|distance (traffic)|distance (traffic)|distance (traffic)|distance (traffic)|distance (traffic)|IgE (Food)|IgE (Food)|IgE (Food)|IgE (Food)|IgE (Food)|IgE (Food)|IgE (Food)|IgE (Food)|Any food allergic sensitization (IgE)|Any food allergic sensitization (IgE)|Any food allergic sensitization (IgE)|Any food allergic sensitization (IgE)|Any food allergic sensitization (IgE)|Any food allergic sensitization (IgE)|Any food allergic sensitization (IgE)|Any food allergic sensitization (IgE)|Skin prick test (Food)|Skin prick test (Food)|Skin prick test (Food)|Skin prick test (Food)|Skin prick test (Food)|Skin prick test (Food)|Skin prick test (Food)|Skin prick test (Food)|Fish|Fish|Fish|Fish|Fish|Fish|Fish|Fish|Allergy|Allergy|Allergy|Allergy|Allergy|Allergy|Allergy|Allergy|Fruit|Fruit|Fruit|Fruit|Fruit|Fruit|Fruit|Fruit|Food allergy|Food allergy|Food allergy|Food allergy|Food allergy|Food allergy|Food allergy|Food allergy|Inhalant allergy|Inhalant allergy|Inhalant allergy|Inhalant allergy|Inhalant allergy|Inhalant allergy|Inhalant allergy|Inhalant allergy|Any allergy|Any allergy|Any allergy|Any allergy|Any allergy|Any allergy|Any allergy|Any allergy|Allergic sensitization|Allergic sensitization|Allergic sensitization|Allergic sensitization|Allergic sensitization|Allergic sensitization|Allergic sensitization|Allergic sensitization|Food|Food|Food|Food|Food|Food|Food|Food|Food_IgE|Food_IgE|Food_IgE|Food_IgE|Food_IgE|Food_IgE|Food_IgE|Food_IgE|IgE - Any food allergic sensitization|IgE - Any food allergic sensitization|IgE - Any food allergic sensitization|IgE - Any food allergic sensitization|IgE - Any food allergic sensitization|IgE - Any food allergic sensitization|IgE - Any food allergic sensitization|IgE - Any food allergic sensitization|Food_Skin prick test|Food_Skin prick test|Food_Skin prick test|Food_Skin prick test|Food_Skin prick test|Food_Skin prick test|Food_Skin prick test|Food_Skin prick test|Skin prick test - Any food allergic sensitization|Skin prick test - Any food allergic sensitization|Skin prick test - Any food allergic sensitization|Skin prick test - Any food allergic sensitization|Skin prick test - Any food allergic sensitization|Skin prick test - Any food allergic sensitization|Skin prick test - Any food allergic sensitization|Skin prick test - Any food allergic sensitization|Chicken egg|Chicken egg|Chicken egg|Chicken egg|Chicken egg|Chicken egg|Chicken egg|Chicken egg|Cow milk|Cow milk|Cow milk|Cow milk|Cow milk|Cow milk|Cow milk|Cow milk|Rye|Rye|Rye|Rye|Rye|Rye|Rye|Rye|Inhalant_Skin prick test|Inhalant_Skin prick test|Inhalant_Skin prick test|Inhalant_Skin prick test|Inhalant_Skin prick test|Inhalant_Skin prick test|Inhalant_Skin prick test|Inhalant_Skin prick test|Nut|Nut|Nut|Nut|Nut|Nut|Nut|Nut|Peanut|Peanut|Peanut|Peanut|Peanut|Peanut|Peanut|Peanut|Sesame|Sesame|Sesame|Sesame|Sesame|Sesame|Sesame|Sesame|Shellfish|Shellfish|Shellfish|Shellfish|Shellfish|Shellfish|Shellfish|Shellfish|Wheat|Wheat|Wheat|Wheat|Wheat|Wheat|Wheat|Wheat|Inhalant|Inhalant|Inhalant|Inhalant|Inhalant|Inhalant|Inhalant|Inhalant|Inhalant_IgE|Inhalant_IgE|Inhalant_IgE|Inhalant_IgE|Inhalant_IgE|Inhalant_IgE|Inhalant_IgE|Inhalant_IgE|IgE - Any inhalant allergic sensitization|IgE - Any inhalant allergic sensitization|IgE - Any inhalant allergic sensitization|IgE - Any inhalant allergic sensitization|IgE - Any inhalant allergic sensitization|IgE - Any inhalant allergic sensitization|IgE - Any inhalant allergic sensitization|IgE - Any inhalant allergic sensitization|IgE - Cat|IgE - Cat|IgE - Cat|IgE - Cat|IgE - Cat|IgE - Cat|IgE - Cat|IgE - Cat|IgE - House dust mite|IgE - House dust mite|IgE - House dust mite|IgE - House dust mite|IgE - House dust mite|IgE - House dust mite|IgE - House dust mite|IgE - House dust mite|Mould|Mould|Mould|Mould|Mould|Mould|Mould|Mould|Skin prick test - Any inhalant allergic sensitization|Skin prick test - Any inhalant allergic sensitization|Skin prick test - Any inhalant allergic sensitization|Skin prick test - Any inhalant allergic sensitization|Skin prick test - Any inhalant allergic sensitization|Skin prick test - Any inhalant allergic sensitization|Skin prick test - Any inhalant allergic sensitization|Skin prick test - Any inhalant allergic sensitization|Skin prick test - Cat|Skin prick test - Cat|Skin prick test - Cat|Skin prick test - Cat|Skin prick test - Cat|Skin prick test - Cat|Skin prick test - Cat|Skin prick test - Cat|Dog|Dog|Dog|Dog|Dog|Dog|Dog|Dog|Skin prick test - House dust mite|Skin prick test - House dust mite|Skin prick test - House dust mite|Skin prick test - House dust mite|Skin prick test - House dust mite|Skin prick test - House dust mite|Skin prick test - House dust mite|Skin prick test - House dust mite|Grass|Grass|Grass|Grass|Grass|Grass|Grass|Grass|Tree|Tree|Tree|Tree|Tree|Tree|Tree|Tree|Urticaria|Urticaria|Urticaria|Urticaria|Urticaria|Urticaria|Urticaria|Urticaria|Anaphylaxis|Anaphylaxis|Anaphylaxis|Anaphylaxis|Anaphylaxis|Anaphylaxis|Anaphylaxis|Anaphylaxis|Cat (Skin prick test)|Cat (Skin prick test)|Cat (Skin prick test)|Cat (Skin prick test)|Cat (Skin prick test)|Cat (Skin prick test)|Cat (Skin prick test)|Cat (Skin prick test)|Physical environment|Physical environment|Physical environment|Physical environment|Physical environment|Physical environment|Physical environment|Physical environment|Pets|Pets|Pets|Pets|Pets|Pets|Pets|Pets|Cats (any)|Cats (any)|Cats (any)|Cats (any)|Cats (any)|Cats (any)|Cats (any)|Cats (any)|main_land_use_continuous_urban_fabric|main_land_use_continuous_urban_fabric|main_land_use_continuous_urban_fabric|main_land_use_continuous_urban_fabric|main_land_use_continuous_urban_fabric|main_land_use_continuous_urban_fabric|main_land_use_continuous_urban_fabric|main_land_use_continuous_urban_fabric|Cats (number)|Cats (number)|Cats (number)|Cats (number)|Cats (number)|Cats (number)|Cats (number)|Cats (number)|Dogs (any)|Dogs (any)|Dogs (any)|Dogs (any)|Dogs (any)|Dogs (any)|Dogs (any)|Dogs (any)|Dogs (number)|Dogs (number)|Dogs (number)|Dogs (number)|Dogs (number)|Dogs (number)|Dogs (number)|Dogs (number)|Furry Pets|Furry Pets|Furry Pets|Furry Pets|Furry Pets|Furry Pets|Furry Pets|Furry Pets|Housing characteristics|Housing characteristics|Housing characteristics|Housing characteristics|Housing characteristics|Housing characteristics|Housing characteristics|Housing characteristics|Built environment/neighbourhood characteristics|Built environment/neighbourhood characteristics|Built environment/neighbourhood characteristics|Built environment/neighbourhood characteristics|Built environment/neighbourhood characteristics|Built environment/neighbourhood characteristics|Built environment/neighbourhood characteristics|Built environment/neighbourhood characteristics|Social context|Social context|Social context|Social context|Social context|Social context|Social context|Social context|area_level_ses_tertiles|area_level_ses_tertiles|area_level_ses_tertiles|area_level_ses_tertiles|area_level_ses_tertiles|area_level_ses_tertiles|area_level_ses_tertiles|area_level_ses_tertiles|area_level_ses_quintiles|area_level_ses_quintiles|area_level_ses_quintiles|area_level_ses_quintiles|area_level_ses_quintiles|area_level_ses_quintiles|area_level_ses_quintiles|area_level_ses_quintiles|population_density|population_density|population_density|population_density|population_density|population_density|population_density|population_density|building_density100|building_density100|building_density100|building_density100|building_density100|building_density100|building_density100|building_density100|building_density300|building_density300|building_density300|building_density300|building_density300|building_density300|building_density300|building_density300|connectivity_density100|connectivity_density100|connectivity_density100|connectivity_density100|connectivity_density100|connectivity_density100|connectivity_density100|connectivity_density100|connectivity_density300|connectivity_density300|connectivity_density300|connectivity_density300|connectivity_density300|connectivity_density300|connectivity_density300|connectivity_density300|access_to_public_transport_lines100|access_to_public_transport_lines100|access_to_public_transport_lines100|access_to_public_transport_lines100|access_to_public_transport_lines100|access_to_public_transport_lines100|access_to_public_transport_lines100|access_to_public_transport_lines100|access_to_public_transport_lines300|access_to_public_transport_lines300|access_to_public_transport_lines300|access_to_public_transport_lines300|access_to_public_transport_lines300|access_to_public_transport_lines300|access_to_public_transport_lines300|access_to_public_transport_lines300|main_land_use_industrial|main_land_use_industrial|main_land_use_industrial|main_land_use_industrial|main_land_use_industrial|main_land_use_industrial|main_land_use_industrial|main_land_use_industrial|Any food allergic sensitization (Skin prick test)|Any food allergic sensitization (Skin prick test)|Any food allergic sensitization (Skin prick test)|Any food allergic sensitization (Skin prick test)|Any food allergic sensitization (Skin prick test)|Any food allergic sensitization (Skin prick test)|Any food allergic sensitization (Skin prick test)|Any food allergic sensitization (Skin prick test)|IgE (Inhalant)|IgE (Inhalant)|IgE (Inhalant)|IgE (Inhalant)|IgE (Inhalant)|IgE (Inhalant)|IgE (Inhalant)|IgE (Inhalant)|main_land_use_forests|main_land_use_forests|main_land_use_forests|main_land_use_forests|main_land_use_forests|main_land_use_forests|main_land_use_forests|main_land_use_forests|main_land_use_other|main_land_use_other|main_land_use_other|main_land_use_other|main_land_use_other|main_land_use_other|main_land_use_other|main_land_use_other|access_to_public_transport_lines500|access_to_public_transport_lines500|access_to_public_transport_lines500|access_to_public_transport_lines500|access_to_public_transport_lines500|access_to_public_transport_lines500|access_to_public_transport_lines500|access_to_public_transport_lines500|access_to_public_transport_stops100|access_to_public_transport_stops100|access_to_public_transport_stops100|access_to_public_transport_stops100|access_to_public_transport_stops100|access_to_public_transport_stops100|access_to_public_transport_stops100|access_to_public_transport_stops100|access_to_public_transport_stops300|access_to_public_transport_stops300|access_to_public_transport_stops300|access_to_public_transport_stops300|access_to_public_transport_stops300|access_to_public_transport_stops300|access_to_public_transport_stops300|access_to_public_transport_stops300|access_to_public_transport_stops500|access_to_public_transport_stops500|access_to_public_transport_stops500|access_to_public_transport_stops500|access_to_public_transport_stops500|access_to_public_transport_stops500|access_to_public_transport_stops500|access_to_public_transport_stops500|main_land_use_medium_urban_fabric|main_land_use_medium_urban_fabric|main_land_use_medium_urban_fabric|main_land_use_medium_urban_fabric|main_land_use_medium_urban_fabric|main_land_use_medium_urban_fabric|main_land_use_medium_urban_fabric|main_land_use_medium_urban_fabric|Any inhalant allergic sensitization (IgE)|Any inhalant allergic sensitization (IgE)|Any inhalant allergic sensitization (IgE)|Any inhalant allergic sensitization (IgE)|Any inhalant allergic sensitization (IgE)|Any inhalant allergic sensitization (IgE)|Any inhalant allergic sensitization (IgE)|Any inhalant allergic sensitization (IgE)|Chemicals|Chemicals|Chemicals|Chemicals|Chemicals|Chemicals|Chemicals|Chemicals|Phenols|Phenols|Phenols|Phenols|Phenols|Phenols|Phenols|Phenols|facilities_density|facilities_density|facilities_density|facilities_density|facilities_density|facilities_density|facilities_density|facilities_density|facilities_richness|facilities_richness|facilities_richness|facilities_richness|facilities_richness|facilities_richness|facilities_richness|facilities_richness|land_use_mix|land_use_mix|land_use_mix|land_use_mix|land_use_mix|land_use_mix|land_use_mix|land_use_mix|walkability|walkability|walkability|walkability|walkability|walkability|walkability|walkability|main_land_use_agricultural|main_land_use_agricultural|main_land_use_agricultural|main_land_use_agricultural|main_land_use_agricultural|main_land_use_agricultural|main_land_use_agricultural|main_land_use_agricultural|main_land_use_airports|main_land_use_airports|main_land_use_airports|main_land_use_airports|main_land_use_airports|main_land_use_airports|main_land_use_airports|main_land_use_airports|main_land_use_port|main_land_use_port|main_land_use_port|main_land_use_port|main_land_use_port|main_land_use_port|main_land_use_port|main_land_use_port|main_land_use_transports|main_land_use_transports|main_land_use_transports|main_land_use_transports|main_land_use_transports|main_land_use_transports|main_land_use_transports|main_land_use_transports|main_land_use_green_urban|main_land_use_green_urban|main_land_use_green_urban|main_land_use_green_urban|main_land_use_green_urban|main_land_use_green_urban|main_land_use_green_urban|main_land_use_green_urban|main_land_use_low_density|main_land_use_low_density|main_land_use_low_density|main_land_use_low_density|main_land_use_low_density|main_land_use_low_density|main_land_use_low_density|main_land_use_low_density|main_land_use_water|main_land_use_water|main_land_use_water|main_land_use_water|main_land_use_water|main_land_use_water|main_land_use_water|main_land_use_water|Workplace characteristics|Workplace characteristics|Workplace characteristics|Workplace characteristics|Workplace characteristics|Workplace characteristics|Workplace characteristics|Workplace characteristics|Radiation exposure|Radiation exposure|Radiation exposure|Radiation exposure|Radiation exposure|Radiation exposure|Radiation exposure|Radiation exposure|Chemical exposure|Chemical exposure|Chemical exposure|Chemical exposure|Chemical exposure|Chemical exposure|Chemical exposure|Chemical exposure|House dust mite (Skin prick test)|House dust mite (Skin prick test)|House dust mite (Skin prick test)|House dust mite (Skin prick test)|House dust mite (Skin prick test)|House dust mite (Skin prick test)|House dust mite (Skin prick test)|House dust mite (Skin prick test)|Phthalates|Phthalates|Phthalates|Phthalates|Phthalates|Phthalates|Phthalates|Phthalates|PFASs|PFASs|PFASs|PFASs|PFASs|PFASs|PFASs|PFASs|Creatinine|Creatinine|Creatinine|Creatinine|Creatinine|Creatinine|Creatinine|Creatinine|OCs & PBDEs|OCs & PBDEs|OCs & PBDEs|OCs & PBDEs|OCs & PBDEs|OCs & PBDEs|OCs & PBDEs|OCs & PBDEs|Metals|Metals|Metals|Metals|Metals|Metals|Metals|Metals|OPs|OPs|OPs|OPs|OPs|OPs|OPs|OPs|Cotinine|Cotinine|Cotinine|Cotinine|Cotinine|Cotinine|Cotinine|Cotinine|PAHs|PAHs|PAHs|PAHs|PAHs|PAHs|PAHs|PAHs|Glycolethers|Glycolethers|Glycolethers|Glycolethers|Glycolethers|Glycolethers|Glycolethers|Glycolethers|Other pesticides|Other pesticides|Other pesticides|Other pesticides|Other pesticides|Other pesticides|Other pesticides|Other pesticides|Passive smoking|Passive smoking|Passive smoking|Passive smoking|Passive smoking|Passive smoking|Passive smoking|Passive smoking|Air pollution|Air pollution|Air pollution|Air pollution|Air pollution|Air pollution|Air pollution|Air pollution|no2|no2|no2|no2|no2|no2|no2|no2|nox|nox|nox|nox|nox|nox|nox|nox|pm25|pm25|pm25|pm25|pm25|pm25|pm25|pm25|pm25fe|pm25fe|pm25fe|pm25fe|pm25fe|pm25fe|pm25fe|pm25fe|Biological exposure|Biological exposure|Biological exposure|Biological exposure|Biological exposure|Biological exposure|Biological exposure|Biological exposure|Other physical environment characteristics|Other physical environment characteristics|Other physical environment characteristics|Other physical environment characteristics|Other physical environment characteristics|Other physical environment characteristics|Other physical environment characteristics|Other physical environment characteristics|Meteorology|Meteorology|Meteorology|Meteorology|Meteorology|Meteorology|Meteorology|Meteorology|Cat (IgE)|Cat (IgE)|Cat (IgE)|Cat (IgE)|Cat (IgE)|Cat (IgE)|Cat (IgE)|Cat (IgE)|pm25k|pm25k|pm25k|pm25k|pm25k|pm25k|pm25k|pm25k|pm25cu|pm25cu|pm25cu|pm25cu|pm25cu|pm25cu|pm25cu|pm25cu|pm25ni|pm25ni|pm25ni|pm25ni|pm25ni|pm25ni|pm25ni|pm25ni|pm25s|pm25s|pm25s|pm25s|pm25s|pm25s|pm25s|pm25s|Noise|Noise|Noise|Noise|Noise|Noise|Noise|Noise|House dust mite (IgE)|House dust mite (IgE)|House dust mite (IgE)|House dust mite (IgE)|House dust mite (IgE)|House dust mite (IgE)|House dust mite (IgE)|House dust mite (IgE)|Skin prick test (Inhalant)|Skin prick test (Inhalant)|Skin prick test (Inhalant)|Skin prick test (Inhalant)|Skin prick test (Inhalant)|Skin prick test (Inhalant)|Skin prick test (Inhalant)|Skin prick test (Inhalant)|Any inhalant allergic sensitization  (Skin prick test)|Any inhalant allergic sensitization  (Skin prick test)|Any inhalant allergic sensitization  (Skin prick test)|Any inhalant allergic sensitization  (Skin prick test)|Any inhalant allergic sensitization  (Skin prick test)|Any inhalant allergic sensitization  (Skin prick test)|Any inhalant allergic sensitization  (Skin prick test)|Any inhalant allergic sensitization  (Skin prick test)|pm25si|pm25si|pm25si|pm25si|pm25si|pm25si|pm25si|pm25si|pm25v|pm25v|pm25v|pm25v|pm25v|pm25v|pm25v|pm25v|pm25zn|pm25zn|pm25zn|pm25zn|pm25zn|pm25zn|pm25zn|pm25zn|pm25abs|pm25abs|pm25abs|pm25abs|pm25abs|pm25abs|pm25abs|pm25abs|pm10|pm10|pm10|pm10|pm10|pm10|pm10|pm10|pm10si|pm10si|pm10si|pm10si|pm10si|pm10si|pm10si|pm10si|pm10v|pm10v|pm10v|pm10v|pm10v|pm10v|pm10v|pm10v|pm10zn|pm10zn|pm10zn|pm10zn|pm10zn|pm10zn|pm10zn|pm10zn|pm10cu|pm10cu|pm10cu|pm10cu|pm10cu|pm10cu|pm10cu|pm10cu|pm10fe|pm10fe|pm10fe|pm10fe|pm10fe|pm10fe|pm10fe|pm10fe|pm10k|pm10k|pm10k|pm10k|pm10k|pm10k|pm10k|pm10k|pm10ni|pm10ni|pm10ni|pm10ni|pm10ni|pm10ni|pm10ni|pm10ni|pm10s|pm10s|pm10s|pm10s|pm10s|pm10s|pm10s|pm10s|pmcoarse|pmcoarse|pmcoarse|pmcoarse|pmcoarse|pmcoarse|pmcoarse|pmcoarse|mean_temperature|mean_temperature|mean_temperature|mean_temperature|mean_temperature|mean_temperature|mean_temperature|mean_temperature|minimum_temperature|minimum_temperature|minimum_temperature|minimum_temperature|minimum_temperature|minimum_temperature|minimum_temperature|minimum_temperature|maximum_temperature|maximum_temperature|maximum_temperature|maximum_temperature|maximum_temperature|maximum_temperature|maximum_temperature|maximum_temperature|mean_relative_humidity|mean_relative_humidity|mean_relative_humidity|mean_relative_humidity|mean_relative_humidity|mean_relative_humidity|mean_relative_humidity|mean_relative_humidity|minimum_relative_humidity|minimum_relative_humidity|minimum_relative_humidity|minimum_relative_humidity|minimum_relative_humidity|minimum_relative_humidity|minimum_relative_humidity|minimum_relative_humidity|maximum_relative_humidity|maximum_relative_humidity|maximum_relative_humidity|maximum_relative_humidity|maximum_relative_humidity|maximum_relative_humidity|maximum_relative_humidity|maximum_relative_humidity|DNA_damage_UV_dose|DNA_damage_UV_dose|DNA_damage_UV_dose|DNA_damage_UV_dose|DNA_damage_UV_dose|DNA_damage_UV_dose|DNA_damage_UV_dose|DNA_damage_UV_dose|erythemal_UV_dose|erythemal_UV_dose|erythemal_UV_dose|erythemal_UV_dose|erythemal_UV_dose|erythemal_UV_dose|erythemal_UV_dose|erythemal_UV_dose|vitamin_d_UV_dose|vitamin_d_UV_dose|vitamin_d_UV_dose|vitamin_d_UV_dose|vitamin_d_UV_dose|vitamin_d_UV_dose|vitamin_d_UV_dose|vitamin_d_UV_dose|land_surface_temperature|land_surface_temperature|land_surface_temperature|land_surface_temperature|land_surface_temperature|land_surface_temperature|land_surface_temperature|land_surface_temperature|meteo_distance|meteo_distance|meteo_distance|meteo_distance|meteo_distance|meteo_distance|meteo_distance|meteo_distance|Natural spaces|Natural spaces|Natural spaces|Natural spaces|Natural spaces|Natural spaces|Natural spaces|Natural spaces|blue_distance|blue_distance|blue_distance|blue_distance|blue_distance|blue_distance|blue_distance|blue_distance|green_distance|green_distance|green_distance|green_distance|green_distance|green_distance|green_distance|green_distance|blue_size|blue_size|blue_size|blue_size|blue_size|blue_size|blue_size|blue_size|green_size|green_size|green_size|green_size|green_size|green_size|green_size|green_size|blue_access|blue_access|blue_access|blue_access|blue_access|blue_access|blue_access|blue_access|green_access|green_access|green_access|green_access|green_access|green_access|green_access|green_access|ndvi100|ndvi100|ndvi100|ndvi100|ndvi100|ndvi100|ndvi100|ndvi100|ndvi300|ndvi300|ndvi300|ndvi300|ndvi300|ndvi300|ndvi300|ndvi300|ndvi500|ndvi500|ndvi500|ndvi500|ndvi500|ndvi500|ndvi500|ndvi500|lden|lden|lden|lden|lden|lden|lden|lden|ln|ln|ln|ln|ln|ln|ln|ln|lden_categorical|lden_categorical|lden_categorical|lden_categorical|lden_categorical|lden_categorical|lden_categorical|lden_categorical|ln_categorical|ln_categorical|ln_categorical|ln_categorical|ln_categorical|ln_categorical|ln_categorical|ln_categorical|distance (noise)|distance (noise)|distance (noise)|distance (noise)|distance (noise)|distance (noise)|distance (noise)|distance (noise)|Traffic|Traffic|Traffic|Traffic|Traffic|Traffic|Traffic|Traffic|distance_traffic|distance_traffic|distance_traffic|distance_traffic|distance_traffic|distance_traffic|distance_traffic|distance_traffic|traffic_load_all_roads|traffic_load_all_roads|traffic_load_all_roads|traffic_load_all_roads|traffic_load_all_roads|traffic_load_all_roads|traffic_load_all_roads|traffic_load_all_roads|traffic_load_major_roads|traffic_load_major_roads|traffic_load_major_roads|traffic_load_major_roads|traffic_load_major_roads|traffic_load_major_roads|traffic_load_major_roads|traffic_load_major_roads|traffic_density|traffic_density|traffic_density|traffic_density|traffic_density|traffic_density|traffic_density|traffic_density|Unhealthy food environment|Unhealthy food environment|Unhealthy food environment|Unhealthy food environment|Unhealthy food environment|Unhealthy food environment|Unhealthy food environment|Unhealthy food environment|unhealthy_facilities_density|unhealthy_facilities_density|unhealthy_facilities_density|unhealthy_facilities_density|unhealthy_facilities_density|unhealthy_facilities_density|unhealthy_facilities_density|unhealthy_facilities_density|unhealthy_facilities_density_osm|unhealthy_facilities_density_osm|unhealthy_facilities_density_osm|unhealthy_facilities_density_osm|unhealthy_facilities_density_osm|unhealthy_facilities_density_osm|unhealthy_facilities_density_osm|unhealthy_facilities_density_osm,label for test dataset for cohort 2,,,,,test dataset for testCohort2,83737,testCohort2,Name for test cohort 2,1959,medicine dispensation,1985
